"0","# Subset the dataframe to include only the specified columns"
"0","subset_data <- manydogs_feature_selection |> "
"0","  select(""age"", ""training_score"", ""aggression_score"", ""fear_score"", "
"0","                     ""separation_score"", ""excitability_score"", ""attachment_score"", "
"0","                     ""miscellaneous_score"", ""ostensive"", ""nonostensive"")"
"0",""
"0","# Convert the data to long format, specifying the variable column"
"0","subset_data_long <- pivot_longer(subset_data, cols = everything(), names_to = ""variable"", values_to = ""value"", names_transform = list(variable = as.character))"
"0",""
"0","# Create histograms using facet_wrap"
"0","ggplot(subset_data_long, aes(x = value)) +"
"0","  geom_histogram() +"
"0","  facet_wrap(~ variable, scales = ""free_x"")"
"1","[38;5;255m`stat_bin()` using `bins = 30`. Pick better value with `binwidth`.[39m
"
